"","V1","V2","V3","V4","V5","V6","V7","V8","V9","V10","V11","V12","V13","V14","V15","V16","V17","V18","V19","V20","V21","V22","V23","V24","V25","V26","V27","V28","V29","V30","V31","V32","V33","V34","V35","V36","V37","V38","V39","V40","V41","V42","V43","V44","V45","V46","V47","V48","V49","V50","V51","V52","V53","V54","V55","V56","V57","V58","V59","V60","V61","V62","V63","V64","V65","V66","V67","V68","V69","V70","V71","V72","V73","V74","V75","V76","V77","V78","V79","V80","V81","V82","V83","V84","V85","V86","V87","V88","V89","V90","V91","V92","V93","V94","V95","V96","V97","V98","V99","V100","V101","V102","V103","V104","V105","V106","V107","V108","V109","V110","V111","V112"
"1",0,0,0,0,0,0,0,0,0,0,0,0,0,0,0,0,0,0,0,0,0,0,0,0,0,0,0,0,0,0,0,0,0,0,0,0,0,0,0,0,0,0,0,0,0,0,0,0,0,0,0,0,0,0,0,0,0.403909090909091,0,0,0.681272727272727,0.0596818181818182,1.43590909090909,1.68409090909091,0.579727272727273,0,0.140227272727273,1.65154545454545,1.93054545454545,0.0818181818181818,0.0954545454545454,6.13627272727273,0,1.05013636363636,0,0.663136363636364,3.82236363636364,6.24418181818182,1.19572727272727,0.752,0.217545454545455,0.340909090909091,0.147681818181818,1.79022727272727,0.665318181818182,2.30390909090909,2.61868181818182,0.362818181818182,0,4.25504545454545,0,0.0358636363636364,11.0789545454545,1.21286363636364,4.90172727272727,10.326,0.463181818181818,5.66695454545455,0,0.576045454545455,0.107636363636364,2.25940909090909,0,1.91159090909091,0.712090909090909,0.869227272727273,0,0.6455,0.0768636363636364,8.41204545454545,0.113818181818182,0.299909090909091,2.57277272727273
"2",0,0,0,0,0,0,0,0,0,0,0,0,0,0,0,0,0,0,0,0,0,0,0,0,0,0,0,0,0,0,0,0,0,0,0,0,0,0,0,0,0,0,0,0,0,0,0,0,0,0,0,0,0,0,0,0,0.649315789473684,0,0,0.166315789473684,0.106684210526316,0.407368421052632,1.47810526315789,0.994368421052632,0.329368421052632,0,4.82110526315789,4.97868421052632,0.532473684210526,5.20447368421053,0.747789473684211,0.0263157894736842,2.01126315789474,0,4.03457894736842,5.52631578947368,4.61952631578947,0.519578947368421,3.54926315789474,0.0600526315789474,0,0.061578947368421,3.31857894736842,0.0263157894736842,0.985,1.94826315789474,0.802578947368421,0,1.57010526315789,0,0.141894736842105,3.34331578947368,0.766578947368421,5.44242105263158,12.3798421052632,0.569421052631579,2.33184210526316,0.178526315789474,0.816842105263158,0,1.58021052631579,0.0877368421052632,0.966526315789474,3.90494736842105,0.235368421052632,0.0424210526315789,1.95547368421053,0.723210526315789,4.11536842105263,3.84068421052632,0.550894736842105,3.50478947368421
"3",0,0,0,0,0,0,0,0,0,0,0,0,0,0,0,0,0,0,0,0,0,0,0,0,0,0,0,0,0,0,0,0,0,0,0,0,0,0,0,0,0,0,0,0,0,0,0,0,0,0,0,0,0,0,0,0,0,0,0,3.5,0.9,0,0,0,0,0,0,1.8,0,0.9,6.1,0,4.4,0,0,1.8,0.9,0.9,0,0.9,0.9,2.6,3.5,0,1.8,15.8,0,0,0.9,0,0,6.1,3.5,2.6,7,0,3.5,0,0,0,7,0,0,0,0,0,1.8,0,19.3,0,0.9,0.9
"4",0,0,0,0,0,0,0,0,0,0,0,0,0,0,0,0,0,0,0,0,0,0,0,0,0,0,0,0,0,0,0,0,0,0,0,0,0,0,0,0,0,0,0,0,0,0,0,0,0,0,0,0,0,0,0,0,0.331785714285714,0.00614285714285714,0.829714285714286,0.744714285714286,0.238714285714286,0.524928571428571,1.58728571428571,3.65585714285714,0,0.0533571428571429,1.02385714285714,3.45928571428571,0.8675,0.292,4.67557142857143,0.1995,6.966,0.683714285714286,3.03857142857143,1.23764285714286,2.73335714285714,1.55885714285714,1.06464285714286,0.180785714285714,0.166071428571429,0.0815,2.44364285714286,0.218785714285714,1.11585714285714,5.22135714285714,0.397857142857143,0.0817857142857143,1.52421428571429,0.00871428571428571,0.999428571428571,4.13307142857143,3.89728571428571,3.00057142857143,6.72635714285714,0.480928571428571,3.28221428571429,0,0.772142857142857,0.0992142857142857,2.799,0.057,3.56171428571429,2.40264285714286,2.04085714285714,0.471642857142857,1.55292857142857,0,1.05035714285714,2.02971428571429,2.76128571428571,5.67378571428571
"5",0,0,0,0,0,0,0,0,0,0,0,0,0,0,0,0,0,0,0,0,0,0,0,0,0,0,0,0,0,0,0,0,0,0,0,0,0,0,0,0,0,0,0,0,0,0,0,0,0,0,0,0,0,0,0,0,0,0,0,1.064,0,0,1.489,0.319,0,0.213,0.532,0.851,0.213,0,0.319,1.17,7.553,0,4.362,5.426,2.553,0.745,1.383,0.426,1.17,0.851,1.489,0,5.426,8.723,0.532,0,3.511,0,1.596,4.894,1.064,7.553,11.064,2.34,2.128,0.638,1.064,0,0.106,0,3.511,1.064,0.532,0.957,6.383,0.319,1.915,0,0,2.447
"6",0,0,0,0,0,0,0,0,0,0,0,0,0,0,0,0,0,0,0,0,0,0,0,0,0,0,0,0,0,0,0,0,0,0,0,0,0,0,0,0,0,0,0,0,0,0,0,0,0,0,0,0,0,0,0,0,0,0,0,0,0,0.813,1.626,4.065,0,0.813,5.691,8.13,0,0,4.065,0,2.439,4.878,0.813,2.439,4.065,2.439,0.813,0.813,0,0,0,0.813,0,0,0,0,0,0,0,13.821,1.626,4.878,3.252,0,2.439,0,3.252,0,1.626,0,0.813,0.813,0,0,0,0,7.317,0,0,0.813
"7",0,0,0,0,0,0,0,0,0,0,0,0,0,0,0,0,0,0,0,0,0,0,0,0,0,0,0,0,0,0,0,0,0,0,0,0,0,0,0,0,0,0,0,0,0,0,0,0,0,0,0,0,0,0,0,0,0,0,0,1.381,0,0,0,4.696,0,0,1.105,4.144,0,0.829,0.276,0.552,9.116,2.762,0.276,1.934,3.039,1.381,0.552,1.105,1.105,0,0,0,0.276,4.696,0,0,2.762,0,2.486,3.039,1.105,11.878,5.249,0.829,6.906,0,4.972,0.276,0,0.276,6.354,2.21,1.934,0.829,5.525,0,3.315,0.552,0,0.276
"8",0,0,0,0,0,0,0,0,0,0,0,0,0,0,0,0,0,0,0,0,0,0,0,0,0,0,0,0,0,0,0,0,0,0,0,0,0,0,0,0,0,0,0,0,0,0,0,0,0,0,0,0,0,0,0,0,3.1815,0,0,0,0,1.213,0.8195,2.459,0,0,4.0985,2.459,0,0,4.4275,0.7875,3.608,0.3935,1.181,1.9685,4.4595,1.575,0,0.3935,0.7875,0,3.64,3.1495,2.756,3.2145,2.756,0,1.575,0,0,3.2145,2.0005,6.4605,5.215,0.8195,6.4605,0,1.181,0,1.607,0,2.8525,0.8195,0,0,0,0,3.1815,0.3935,3.608,3.2145
"9",0,0,0,0,0,0,0,0,0,0,0,0,0,0,0,0,0,0,0,0,0,0,0,0,0,0,0,0,0,0,0,0,0,0,0,0,0,0,0,0,0,0,0,0,0,0,0,0,0,0,0,0,0,0,0,0,0.1495,0,0,0.584583333333333,0.170083333333333,0.906833333333333,0.651416666666667,2.85041666666667,0.15,0,1.63333333333333,2.89575,1.47908333333333,0.943166666666667,2.62516666666667,0.01825,10.1013333333333,2.06883333333333,4.80858333333333,1.58108333333333,1.15958333333333,0.90525,1.81391666666667,0.86,0,0.085,8.18658333333333,1.50991666666667,1.05458333333333,1.1275,0,0.182333333333333,2.73266666666667,0,0,0.797,0.082,1.56041666666667,2.58841666666667,0.255083333333333,4.49208333333333,0.0825,0.773,0,0.1315,1.44933333333333,0.831166666666667,0,0.509166666666667,0.0825,2.17725,0.148666666666667,1.63258333333333,0.684833333333333,0.340166666666667,1.24725
"10",0,0,0,0,0,0,0,0,0,0,0,0,0,0,0,0,0,0,0,0,0,0,0,0,0,0,0,0,0,0,0,0,0,0,0,0,0,0,0,0,0,0,0,0,0,0,0,0,0,0,0,0,0,0,0,0,0,0,0,0,2.857,5.714,0,0,0,0,0,2.857,0,0,0,0,0,5.714,5.714,0,0,0,0,0,0,0,0,0,2.857,0,0,0,0,0,0,14.286,2.857,11.429,5.714,0,0,0,0,0,5.714,0,0,14.286,0,0,8.571,0,0,0,2.857,8.571
"11",0,0,0,0,0,0,0,0,0,0,0,0,0,0,0,0,0,0,0,0,0,0,0,0,0,0,0,0,0,0,0,0,0,0,0,0,0,0,0,0,0,0,0,0,0,0,0,0,0,0,0,0,0,0,0,0,0.3099,0,0.0562,0.4303,0.4648,0.2332,1.7603,3.2755,0.0061,0.0186,0.9714,1.5367,0.9952,0.2683,13.6598,0.0084,8.4409,0.1266,1.1261,1.5619,5.3875,2.3019,0.5253,0.1568,0.0456,0.0428,3.138,0.2407,4.371,8.394,0.3831,0.0061,2.7592,0,0.7897,2.7871,1.9172,2.5772,7.4144,0.3405,3.3385,0.0062,0.0031,0.0139,0.9128,0.0271,3.0451,1.2582,1.7919,0.3353,1.4891,0.0156,3.0081,0.65,1.2172,2.5756
"12",0,0,0,0,0,0,0,0,0,0,0,0,0,0,0,0,0,0,0,0,0,0,0,0,0,0,0,0,0,0,0,0,0,0,0,0,0,0,0,0,0,0,0,0,0,0,0,0,0,0,0,0,0,0,0,0,0,0,0,0,0,0,0,0,0,0,0,0,1.163,0,5.222,0,0,0,8.7395,0,0,0,0,0,0,0,4.6535,0,16.2605,31.4125,0,0,0,0,0,1.163,14.5295,0,11.039,0,0,0,0,0,0,0,0,1.163,0,0,0,0,0,0,0,4.6535
"13",0,0,0,0,0,0,0,0,0,0,0,0,0,0,0,0,0,0,0,0,0,0,0,0,0,0,0,0,0,0,0,0,0,0,0,0,0,0,0,0,0,0,0,0,0,0,0,0,0,0,0,0,0,0,0,0,0.908,0,0,1.413,0,0.05,0.757,1.766,0,0,0,2.321,0,0.303,3.128,0,10.949,1.261,0.454,0.959,7.013,2.371,0,0.303,0.252,0,0.605,0.959,7.114,9.788,0.05,0,3.481,0,0.555,6.458,4.087,4.945,9.082,2.22,5.096,0.252,0.757,0,0.05,0,3.481,1.463,0.454,0,0.706,0,2.472,0.303,0,1.413
"14",0,0,0,0,0,0,0,0,0,0,0,0,0,0,0,0,0,0,0,0,0,0,0,0,0,0,0,0,0,0,0,0,0,0,0,0,0,0,0,0,0,0,0,0,0,0,0,0,0,0,0,0,0,0,0,0,0.120083333333333,0,0,0.720083333333333,0.120083333333333,0.41,7.57825,0.94675,0.0450833333333333,0.563666666666667,3.224,4.4925,0.94,0.0635833333333333,0.487333333333333,0.22525,0.950166666666667,0.0900833333333333,1.11,0.3795,0.42225,4.53675,0,0.670416666666667,0.0750833333333333,0.015,0.111083333333333,0,0.42725,4.61725,0.28525,0.0600833333333333,3.05666666666667,0.445333333333333,1.22225,20.36575,0.363333333333333,4.27191666666667,8.95425,0.150166666666667,1.105,0.015,0.267333333333333,0.27025,12.3710833333333,0.12725,2.51258333333333,4.17325,0.801583333333333,0.03,0.817666666666667,0,0.799583333333333,0.015,1.57083333333333,1.01116666666667
"15",0,0,0,0,0,0,0,0,0,0,0,0,0,0,0,0,0,0,0,0,0,0,0,0,0,0,0,0,0,0,0,0,0,0,0,0,0,0,0,0,0,0,0,0,0,0,0,0,0,0,0,0,0,0,0,0,0,0,0,1.6092,6.0934,4.5744,3.2184,0,0,0,1.6092,2.712,10.757,0,1.356,0,9.6542,13.9754,1.356,1.6092,4.5744,0,0,0,0,0,7.4494,0,0,1.2658,0,0,5.8402,0,0,4.068,0,4.8274,1.2658,0,8.8054,0,0,0,0,0,0,0.2532,0,0,0.2532,0,0,0,0.2532,0.5064
"16",0,0,0,0,0,0,0,0,0,0,0,0,0,0,0,0,0,0,0,0,0,0,0,0,0,0,0,0,0,0,0,0,0,0,0,0,0,0,0,0,0,0,0,0,0,0,0,0,0,0,0,0,0,0,0,0,0,0,0,0,0,10,0,0,0,0,10,0,0,0,0,0,0,0,0,0,0,0,0,0,0,0,0,0,0,0,0,0,0,0,0,0,0,40,0,0,0,0,0,30,0,0,0,0,10,0,0,0,0,0,0,0
"17",0,0,0,0,0,0,0,0,0,0,0,0,0,0,0,0,0,0,0,0,0,0,0,0,0,0,0,0,0,0,0,0,0,0,0,0,0,0,0,0,0,0,0,0,0,0,0,0,0,0,0,0,0,0,0,0,0.579,0.0583333333333333,0.174666666666667,0.625,0,1.04766666666667,0.325,0,0,0,0.722666666666667,1.57333333333333,0.104,0,1.432,0,3.71666666666667,0.489666666666667,0.466333333333333,0.349,1.76533333333333,1.822,0.662333333333333,0,0.0583333333333333,0.174666666666667,0.864,0.174666666666667,0.349,4.318,0,0,0.162333333333333,0,1.292,3.87133333333333,2.445,17.0016666666667,8.74733333333333,2.61666666666667,8.405,1.25,9.39333333333333,2.27666666666667,0.349666666666667,2.136,7.12766666666667,1.15266666666667,0.490333333333333,0.416666666666667,1.83566666666667,0,2.23666666666667,0.511666666666667,0.502,2.43566666666667
"18",0,0,0,0,0,0,0,0,0,0,0,0,0,0,0,0,0,0,0,0,0,0,0,0,0,0,0,0,0,0,0,0,0,0,0,0,0,0,0,0,0,0,0,0,0,0,0,0,0,0,0,0,0,0,0,0,0,0,0,0,0,12.5,37.5,0,0,0,0,0,0,0,0,0,0,0,0,0,0,0,0,0,0,0,0,0,0,0,0,0,0,0,0,0,0,0,0,0,0,0,0,0,50,0,0,0,0,0,0,0,0,0,0,0
"19",0,0,0,0,0,0,0,0,0,0,0,0,0,0,0,0,0,0,0,0,0,0,0,0,0,0,0,0,0,0,0,0,0,0,0,0,0,0,0,0,0,0,0,0,0,0,0,0,0,0,0,0,0,0,0,0,0.964,0,0,0.55275,0.414,0.2745,2.744,1.24,0,0,3.44125,2.873,3.43075,0,4.693,0,6.74575,6.073,1.78225,3.5715,4.417,4.6735,0,0,0,0,0.82875,0,3.453,6.906,0,0,1.23575,0,0,1.7955,3.9875,3.1755,7.73475,0.138,4.6915,0,0.68575,0,0.2745,0,3.591,1.09925,0.2745,0,0,0,3.31,0.683,0.138,1.3725
"20",0,0,0,0,0,0,0,0,0,0,0,0,0,0,0,0,0,0,0,0,0,0,0,0,0,0,0,0,0,0,0,0,0,0,0,0,0,0,0,0,0,0,0,0,0,0,0,0,0,0,0,0,0,0,0,0,0.8285,3.19775,4.79025,1.9445,0,0.1405,0.429,0.148,0,0,3.09,2.4285,0.122,0.29575,2.03375,0,4.0155,1.2275,3.6415,0.40325,2.34825,2.411,0.43625,0.122,0.48775,0.4105,0.148,0.244,4.86975,4.45875,1.07625,0,1.5935,0,0,2.17075,2.6695,3.657,11.81375,0,3.19825,0,8.976,0,1.912,0,1.705,1.75225,0,0,1.16825,0,1.68625,1.11675,2.99575,1.11675
"21",0,0,0,0,0,0,0,0,0,0,0,0,0,0,0,0,0,0,0,0,0,0,0,0,0,0,0,0,0,0,0,0,0,0,0,0,0,0,0,0,0,0,0,0,0,0,0,0,0,0,0,0,0,0,0,0,0.604,0.159,0,5.484,0,0.159,2.241,0.5085,0,0,2.0825,5.723,3.1315,0.3495,0.175,0,5.182,2.273,2.401,1.415,2.019,2.305,0,0,0,0.175,0,0.175,4.816,8.6785,0.175,0.0795,2.6865,0,0,6.215,5.42,0.604,12.1445,0,7.328,0,5.023,0,0.2385,0,2.4165,2.591,0,0,0.159,0,2.5435,0.159,1.8125,0.3495
"22",0,0,0,0,0,0,0,0,0,0,0,0,0,0,0,0,0,0,0,0,0,0,0,0,0,0,0,0,0,0,0,0,0,0,0,0,0,0,0,0,0,0,0,0,0,0,0,0,0,0,0,0,0,0,0,0,3.604,0,0,2.703,0,2.703,0.901,0,0,0,0,3.604,0.901,0,0.901,0,1.802,1.802,2.703,2.703,8.108,7.207,0.901,0.901,0.901,1.802,1.802,0,2.703,5.405,0.901,0,1.802,0,0,0.901,1.802,0.901,6.306,0,1.802,0,1.802,0,2.703,0,0.901,0,0,0,1.802,0,5.405,0.901,2.703,4.505
"23",0,0,0,0,0,0,0,0,0,0,0,0,0,0,0,0,0,0,0,0,0,0,0,0,0,0,0,0,0,0,0,0,0,0,0,0,0,0,0,0,0,0,0,0,0,0,0,0,0,0,0,0,0,0,0,0,5.8575,0.302,0.201,2.1125,0,4.4075,6.5615,1.9525,0,0,8.3725,12.62,3.16,0,1.308,0,1.4085,2.314,0.4025,2.2545,2.2135,0.9055,0.704,0,0.6035,0,0.201,0,1.6095,3.521,4.024,0,2.4145,0,0,2.2135,2.556,3.5625,1.6095,0,1.6095,0,8.9165,0,2.053,0,2.314,0,0.302,0,0.503,0,2.4145,0.503,0.1005,1.1065
"24",0,0,0,0,0,0,0,0,0,0,0,0,0,0,0,0,0,0,0,0,0,0,0,0,0,0,0,0,0,0,0,0,0,0,0,0,0,0,0,0,0,0,0,0,0,0,0,0,0,0,0,0,0,0,0,0,0,0,0,0,0,2.174,0,2.174,2.174,0,0,6.522,0,0,0,0,0,0,0,4.348,0,0,0,0,0,0,0,0,6.522,2.174,0,0,0,0,0,0,0,2.174,2.174,0,4.348,0,0,4.348,4.348,0,0,8.696,0,0,2.174,0,0,2.174,0,10.87
"25",0,0,0,0,0,0,0,0,0,0,0,0,0,0,0,0,0,0,0,0,0,0,0,0,0,0,0,0,0,0,0,0,0,0,0,0,0,0,0,0,0,0,0,0,0,0,0,0,0,0,0,0,0,0,0,0,0,0,0,1.399,0,1.0045,3.3915,0.7575,0.7575,0,2.688,1.12,2.39,0,4.1355,0,1.2835,2.5835,7.4925,1.104,1.4665,3.064,1.2195,0.1155,0.5265,2.7335,0.231,1.6485,1.845,2.8005,1.12,0.478,0.3785,0,0.924,0.924,6.394,3.9015,8.432,0,3.6545,0,0.3465,0,0.231,0,4.2135,1.7295,0.889,0.924,2.5535,0,3.6925,0,0.741,3.972
"26",0,0,0,0,0,0,0,0,0,0,0,0,0,0,0,0,0,0,0,0,0,0,0,0,0,0,0,0,0,0,0,0,0,0,0,0,0,0,0,0,0,0,0,0,0,0,0,0,0,0,0,0,0,0,0,0,1.262,0,0,0,1.262,0,0.315,1.893,0,0,6.309,7.571,0,0.946,18.927,0,0.631,3.785,3.155,3.155,1.262,0.315,0,0,0,0,7.571,0,0.315,2.524,0,0,0.946,0,0,8.202,2.524,3.785,3.785,0,2.208,0,0.315,0.631,0.946,0.631,0.946,0.631,0,0,2.208,0,4.732,0.631,0,0.946
"27",0,0,0,0,0,0,0,0,0,0,0,0,0,0,0,0,0,0,0,0,0,0,0,0,0,0,0,0,0,0,0,0,0,0,0,0,0,0,0,0,0,0,0,0,0,0,0,0,0,0,0,0,0,0,0,0,0.421,0,0,0,1.406,0.741,1.545,1.7,0,0,5.307,6.14,0,0.315,15.806,0,0.951,1.262,1.792,3.148,1.654,1.132,0,0,0,0.164,7.415,0,0.105,2.445,0,0,0.315,0,0,7.874,4.293,4.962,2.617,0,2.256,0,0.476,0.539,2.041,0.21,0.48,1.65,5.751,0,0.736,0,3.425,0.539,0,2.206
"28",0,0,0,0,0,0,0,0,0,0,0,0,0,0,0,0,0,0,0,0,0,0,0,0,0,0,0,0,0,0,0,0,0,0,0,0,0,0,0,0,0,0,0,0,0,0,0,0,0,0,0,0,0,0,0,0,0.474,0,0,1.779,1.423,0,1.661,1.542,0,0.237,2.372,5.813,0,0.593,1.068,0,6.643,6.287,0,2.372,0.712,3.677,0,0,1.779,0,17.319,0.119,0.119,4.389,0,0,1.186,0,0.119,5.219,2.491,1.186,4.864,2.372,1.779,0,0,0,1.423,0.237,9.846,0,0,0,0.237,0,2.372,0.356,0,1.068
"29",0,0,0,0,0,0,0,0,0,0,0,0,0,0,0,0,0,0,0,0,0,0,0,0,0,0,0,0,0,0,0,0,0,0,0,0,0,0,0,0,0,0,0,0,0,0,0,0,0,0,0,0,0,0,0,0,0,0,0,0,0,0,0,0,0,0,0,0,0,0,0,0,0,0,0,0,10.764,0,0,0,0.347,0,0,0,0,0.694,0,0,1.389,0,0,9.028,0,2.778,17.014,0,7.986,0,2.431,0,5.556,0,2.431,3.125,0,0,0,0,6.944,0,0,19.792
"30",0,0,0,0,0,0,0,0,0,0,0,0,0,0,0,0,0,0,0,0,0,0,0,0,0,0,0,0,0,0,0,0,0,0,0,0,0,0,0,0,0,0,0,0,0,0,0,0,0,0,0,0,0,0,0,0,0,15.287,3.185,7.643,0,1.274,1.911,0.637,0.637,0,3.185,13.376,0,0,0,0,0,0,0.637,5.732,0,2.548,0,0,6.369,0,6.369,0,0,0,0,1.911,0,0,0,0,0,0.637,0,0,0,0,8.28,0,0,0,3.822,1.274,0,0,0.637,0,12.739,0,0,0
"31",0,0,0,0,0,0,0,0,0,0,0,0,0,0,0,0,0,0,0,0,0,0,0,0,0,0,0,0,0,0,0,0,0,0,0,0,0,0,0,0,0,0,0,0,0,0,0,0,0,0,0,0,0,0,0,0,9,0,0,0,1.8,1.8,0,1.8,0,0,6.3,7.2,1.8,0,2.7,0,1.8,0.9,0,6.3,0.9,0.9,0.9,0,0,0.9,0,0,0,0.9,0,1.8,0,0,0,6.3,8.1,2.7,3.6,0,4.5,0,1.8,0,1.8,0,4.5,0.9,0,0,3.6,0,5.4,1.8,3.6,3.6
"32",0,0,0,0,0,0,0,0,0,0,0,0,0,0,0,0,0,0,0,0,0,0,0,0,0,0,0,0,0,0,0,0,0,0,0,0,0,0,0,0,0,0,0,0,0,0,0,0,0,0,0,0,0,0,0,0,0,0,0,0.607,0,0,2.245,2.002,0.061,0.061,4.733,4.187,0,0.667,1.638,0.061,2.791,3.034,2.549,0.85,7.767,2.184,0.789,0.303,0,0,0.789,0.364,4.551,2.731,0.061,0,2.731,0,0.182,2.124,1.699,11.226,8.01,0.91,6.432,0.364,2.913,0.182,0,0.546,2.427,4.369,0.243,0,5.34,0.061,1.214,2.67,0.303,0.243
"33",0,0,0,0,0,0,0,0,0,0,0,0,0,0,0,0,0,0,0,0,0,0,0,0,0,0,0,0,0,0,0,0,0,0,0,0,0,0,0,0,0,0,0,0,0,0,0,0,0,0,0,0,0,0,0,0,0,0,0.606,2.90066666666667,0,0,2.323,2.66933333333333,0,0,0,5.01466666666667,0,0,0,0,2.27266666666667,3.492,5.31033333333333,0,5.967,1.638,0.606,0,0,0,0.555666666666667,0.476333333333333,9.06233333333333,3.40566666666667,0,0,2.19333333333333,0,0,1.111,5.44733333333333,4.358,9.964,0,8.56433333333333,0,6.89766666666667,0,1.76766666666667,0,2.51066666666667,3.70133333333333,0,0,1.58733333333333,0,2.06333333333333,0,0,3.53533333333333
"34",0,0,0,0,0,0,0,0,0,0,0,0,0,0,0,0,0,0,0,0,0,0,0,0,0,0,0,0,0,0,0,0,0,0,0,0,0,0,0,0,0,0,0,0,0,0,0,0,0,0,0,0,0,0,0,0,0.3226,0,0,3.2904,0,0.3226,1.9778,0.7986,0.3334,0,0,0.6666,0,0,3.6344,0,3.856,0.6666,0.4652,0.4652,5.2198,1.1524,0,0,0.9678,0,0.6666,0.3226,3.2108,3.0888,0,0.2222,0.2222,0,1.111,9.7306,3.5916,2.9188,10.6724,0,10.7628,0,10.6142,0,1.423,0,3.7242,1.951,0.3226,0,1.2008,0,5.7234,0.8674,0,2.4052
"35",0,0,0,0,0,0,0,0,0,0,0,0,0,0,0,0,0,0,0,0,0,0,0,0,0,0,0,0,0,0,0,0,0,0,0,0,0,0,0,0,0,0,0,0,0,0,0,0,0,0,0,0,0,0,0,0,0.0503333333333333,0,0,1.48766666666667,0,0,0.910666666666667,1.00033333333333,0,0,2.57366666666667,3.67833333333333,0.0503333333333333,0,4.37966666666667,0,3.50266666666667,1.783,0.670333333333333,1.926,3.38233333333333,6.05433333333333,0.469333333333333,0.458666666666667,0.14,0.290333333333333,3.313,0.0503333333333333,2.226,5.90466666666667,0.451666666666667,0.150666666666667,5.86833333333333,0,0,5.167,3.784,1.73566666666667,5.06033333333333,0.0896666666666667,4.49,0,2.36533333333333,0,0.698333333333333,0.248666666666667,3.443,1.20733333333333,0.480666666666667,0,2.723,0,4.94233333333333,0.100333333333333,0.499666666666667,4.50933333333333
"36",0,0,0,0,0,0,0,0,0,0,0,0,0,0,0,0,0,0,0,0,0,0,0,0,0,0,0,0,0,0,0,0,0,0,0,0,0,0,0,0,0,0,0,0,0,0,0,0,0,0,0,0,0,0,0,0,0,0,0,0,0.305,0.305,9.0445,1.748,0.9145,0,5.742,5.5185,0,0,0.9145,0,0.61,0,1.0265,11.128,0,0,0,0,0,0,3.0795,0,7.3275,3.608,0.4165,0,8.689,0,0,1.0265,0.4165,0.7215,11.4435,1.25,0.4165,0,0,0.305,0,0,0.305,0.9145,0.9145,0,1.748,0,3.3535,0,0,0.305
"37",0,0,0,0,0,0,0,0,0,0,0,0,0,0,0,0,0,0,0,0,0,0,0,0,0,0,0,0,0,0,0,0,0,0,0,0,0,0,0,0,0,0,0,0,0,0,0,0,0,0,0,0,0,0,0,0,0.626,0.113,0,0.288,0.384,0.44,4.9,1.146,0.914,0,6.135,6.67,0.113,0,1.941,0.35,0.937,0,1.576,3.771,0.226,0.35,0,0,0,0.056,5.107,0,5.064,5.354,0,0,3.295,0,0,1.044,1.258,0.784,4.804,0,2.037,0,2.761,2.017,1.864,0,0.152,1.558,10.991,0,1.681,0,3.696,0.451,0,4.796
"38",0,0,0,0,0,0,0,0,0,0,0,0,0,0,0,0,0,0,0,0,0,0,0,0,0,0,0,0,0,0,0,0,0,0,0,0,0,0,0,0,0,0,0,0,0,0,0,0,0,0,0,0,0,0,0,0,1.138,0,0,3.81142857142857,0.107428571428571,0.382571428571429,0.730857142857143,1.81142857142857,2.45057142857143,0,1.66014285714286,3.55571428571429,0.0244285714285714,0,0.709142857142857,0,4.65,0.829571428571429,1.73128571428571,1.00685714285714,4.00342857142857,1.36457142857143,0.613571428571429,0.120857142857143,0.314571428571429,0.043,6.33271428571429,0.00285714285714286,1.84557142857143,11.6477142857143,0.0472857142857143,0,0.955,0,0,4.001,4.78042857142857,0.764142857142857,7.599,0,5.48585714285714,0,6.79085714285714,0.0125714285714286,0.44,0.075,1.84942857142857,0.234285714285714,0.237142857142857,0,2.48314285714286,0,5.43885714285714,0.075,0.483714285714286,1.90814285714286
"39",0,0,0,0,0,0,0,0,0,0,0,0,0,0,0,0,0,0,0,0,0,0,0,0,0,0,0,0,0,0,0,0,0,0,0,0,0,0,0,0,0,0,0,0,0,0,0,0,0,0,0,0,0,0,0,0,6.093,0,0,2.19,0,0,1.901,4.55733333333333,0,0,1.55033333333333,0.773666666666667,0.259333333333333,0,3.291,2.11433333333333,3.68433333333333,2.22366666666667,0.995,1.488,2.988,3.291,0,0,0,0.648666666666667,3.19233333333333,0,4.11366666666667,5.886,0.129666666666667,0,2.988,2.46433333333333,0.128333333333333,1.35633333333333,1.846,1.33766666666667,9.734,0,2.532,0,0.664333333333333,0,2.372,0,3.38766666666667,0.259333333333333,0.28,0,0.778333333333333,0,2.542,1.09866666666667,0.258,1.46433333333333
"40",0,0,0,0,0,0,0,0,0,0,0,0,0,0,0,0,0,0,0,0,0,0,0,0,0,0,0,0,0,0,0,0,0,0,0,0,0,0,0,0,0,0,0,0,0,0,0,0,0,0,0,0,0,0,0,0,0.4628,0,0,0.7258,0.0682,0.6694,3.3222,3.917,0.1408,0,3.6118,9.618,1.2624,0.1398,0.9716,0.0682,1.9844,3.9028,5.8184,3.0164,3.3462,1.643,0.5618,0.0222,0.208,0,2.9224,0.1778,3.3902,1.2604,0.0222,0.3412,0.8718,0.1398,0.302,1.4218,2.5736,3.4284,7.54,0,3.0926,0,4.9506,2.098,2.1424,0.4226,2.0306,0.7312,2.9794,0,2.0682,0,2.2286,0,1.336,0.6246
"41",0,0,0,0,0,0,0,0,0,0,0,0,0,0,0,0,0,0,0,0,0,0,0,0,0,0,0,0,0,0,0,0,0,0,0,0,0,0,0,0,0,0,0,0,0,0,0,0,0,0,0,0,0,0,0,0,0,1.111,0,0,0,1.111,1.111,5.556,0,0,0.556,3.889,0,0,0,0,2.222,1.667,2.222,6.667,1.667,0,0,0,0,0,11.111,0,0.556,3.333,0,0,3.333,0,0,2.778,2.778,0,6.667,0,3.889,0,0.556,0,0,0,1.667,0,1.111,0,0,0,7.222,1.667,0,0
"42",0,0,0,0,0,0,0,0,0,0,0,0,0,0,0,0,0,0,0,0,0,0,0,0,0,0,0,0,0,0,0,0,0,0,0,0,0,0,0,0,0,0,0,0,0,0,0,0,0,0,0,0,0,0,0,0,0,0,0,0.87,0.248,0.062,1.553,2.547,0,0.062,4.224,7.516,0.373,0.062,1.366,0.124,10.062,4.783,5.155,1.242,1.739,1.304,0.621,0,0.248,0,0.683,0,5.714,6.398,0.124,3.106,1.553,0,1.056,3.789,2.919,3.354,5.404,0.124,3.168,0,1.677,0,1.615,0.124,5.031,2.981,1.242,0,2.422,0,1.491,0.248,0.062,0.683
"43",0,0,0,0,0,0,0,0,0,0,0,0,0,0,0,0,0,0,0,0,0,0,0,0,0,0,0,0,0,0,0,0,0,0,0,0,0,0,0,0,0,0,0,0,0,0,0,0,0,0,0,0,0,0,0,0,1.1525,0,0,1.2255,0,0.1775,1.209,1.9025,0,0,1.4025,2.539,1.4595,0,2.862,0,1.58,0.516,4.587,1.314,2.6845,0.266,0.6935,0,0.975,0,1.6525,0,3.337,11.9775,0,0.266,0.532,0,0.532,3.6755,3.5555,4.176,6.224,0,7.1105,0,1.3865,0.6205,1.4595,0,2.539,1.241,11.2225,0,1.298,0,2.4665,0,5.128,0.9595
"44",0,0,0,0,0,0,0,0,0,0,0,0,0,0,0,0,0,0,0,0,0,0,0,0,0,0,0,0,0,0,0,0,0,0,0,0,0,0,0,0,0,0,0,0,0,0,0,0,0,0,0,0,0,0,0,0,1.427,0,0,0.659,0.11,0,4.501,6.476,0,0,4.061,0.329,0.988,0.11,2.415,0,6.586,0.22,8.452,0,1.098,0,0,0,0,0,4.391,0,1.207,6.367,0,0,1.756,0,0,8.452,11.855,0.988,9.55,0,4.72,0,0.988,0,0,0.988,0,1.098,0.22,0,0.22,0,0,0,1.756,5.708
"45",0,0,0,0,0,0,0,0,0,0,0,0,0,0,0,0,0,0,0,0,0,0,0,0,0,0,0,0,0,0,0,0,0,0,0,0,0,0,0,0,0,0,0,0,0,0,0,0,0,0,0,0,0,0,0,0,0,0,0.556,2.778,0,0,2.778,1.111,0.556,0,0,1.667,3.889,0,2.222,0.556,3.333,4.444,0,3.333,3.889,1.667,2.222,0,1.667,0,2.222,0.556,5,2.222,0,0,0,0,0,0,2.778,7.222,6.111,1.667,2.222,0,0.556,0,2.222,0.556,2.778,0,0,0,2.222,0,6.111,0,0,0.556
"46",0,0,0,0,0,0,0,0,0,0,0,0,0,0,0,0,0,0,0,0,0,0,0,0,0,0,0,0,0,0,0,0,0,0,0,0,0,0,0,0,0,0,0,0,0,0,0,0,0,0,0,0,0,0,0,0,0,0,0,0,0,0,0,0,0,0,0,1.527,0,0,41.985,0,0,0,0,0,0.763,0,0,0,0,0,0,0,0,0,0,0,0,0,0,4.58,0,0,0.763,0,0,0,1.527,0,0,0,0,0.763,0.763,0,0,0,0,0,0,3.817
"47",0,0,0,0,0,0,0,0,0,0,0,0,0,0,0,0,0,0,0,0,0,0,0,0,0,0,0,0,0,0,0,0,0,0,0,0,0,0,0,0,0,0,0,0,0,0,0,0,0,0,0,0,0,0,0,0,0,0,0,0,2.439,0,2.439,0,0,0,10.976,1.22,1.22,0,0,0,1.22,0,0,0,0,1.22,0,0,0,0,0,0,1.22,3.659,0,0,0,0,0,43.902,6.098,1.22,4.878,0,2.439,0,0,0,1.22,0,0,1.22,0,0,0,0,3.659,0,2.439,3.659
"48",0,0,0,0,0,0,0,0,0,0,0,0,0,0,0,0,0,0,0,0,0,0,0,0,0,0,0,0,0,0,0,0,0,0,0,0,0,0,0,0,0,0,0,0,0,0,0,0,0,0,0,0,0,0,0,0,0,0,0,3.093,0,0,2.062,1.031,0,0,5.155,7.216,1.031,0,1.031,0,0,0,0,1.031,5.155,1.031,0,0,0,0,1.031,1.031,4.124,4.124,0,0,0,0,0,7.216,5.155,2.062,5.155,0,4.124,0,2.062,0,1.031,1.031,1.031,1.031,0,0,1.031,0,4.124,1.031,0,4.124
"49",0,0,0,0,0,0,0,0,0,0,0,0,0,0,0,0,0,0,0,0,0,0,0,0,0,0,0,0,0,0,0,0,0,0,0,0,0,0,0,0,0,0,0,0,0,0,0,0,0,0,0,0,0,0,0,0,0.558666666666667,0,0,4.71233333333333,0.599,0.143333333333333,1.65,0,0.723333333333333,0,0.813,3.65733333333333,0.750666666666667,0,2.436,0.517666666666667,2.21433333333333,1.15133333333333,8.09366666666667,0.861333333333333,1.75133333333333,2.47833333333333,2.17366666666667,0.745,0.6,0.379666666666667,1.822,0.303666666666667,2.52466666666667,4.38133333333333,2.76666666666667,0,0,0,0,0.143333333333333,2.064,3.711,12.938,0.076,2.621,0,6.13466666666667,0,1.25433333333333,0,3.37433333333333,3.02233333333333,1.07633333333333,0,2.145,0.152,3.66466666666667,2.10933333333333,0.329666666666667,1.13233333333333
"50",0,0,0,0,0,0,0,0,0,0,0,0,0,0,0,0,0,0,0,0,0,0,0,0,0,0,0,0,0,0,0,0,0,0,0,0,0,0,0,0,0,0,0,0,0,0,0,0,0,0,0,0,0,0,0,0,0,0,0,0,1.626,0,2.439,3.252,0,0,0,0,0,0,8.943,0,0.813,0,1.626,3.659,1.626,0,0,0,0,0,0,0,3.659,2.846,0,0,0,0,0,3.659,1.626,2.033,4.472,0,3.252,0,0,0,0,0,4.878,0,28.455,0,0.407,0,8.943,0,9.756,0.813
"51",0,0,0,0,0,0,0,0,0,0,0,0,0,0,0,0,0,0,0,0,0,0,0,0,0,0,0,0,0,0,0,0,0,0,0,0,0,0,0,0,0,0,0,0,0,0,0,0,0,0,0,0,0,0,0,0,0,0,0,0,0,0,2.128,0,0,0,11.702,13.83,0,0,1.064,0,1.064,0,0,5.319,1.064,0,0,0,0,0,3.191,0,2.128,4.255,0,0,3.191,0,0,2.128,2.128,0,2.128,0,3.191,0,0,0,0,1.064,0,0,10.638,0,0,0,0,0,0,4.255
"52",0,0,0,0,0,0,0,0,0,0,0,0,0,0,0,0,0,0,0,0,0,0,0,0,0,0,0,0,0,0,0,0,0,0,0,0,0,0,0,0,0,0,0,0,0,0,0,0,0,0,0,0,0,0,0,0,0,0,0,4.748,0,0,0.576,1.295,0,0,0,1.871,0,0.576,2.446,0,8.489,1.007,0,2.59,5.18,1.007,0,0,0.576,0,0.432,0,0,4.892,0.432,0,1.583,0,2.878,4.604,3.453,6.043,15.54,1.583,8.921,0,0,0,0.576,0,13.237,1.007,0,0,0.719,0,0.719,0.144,0,0.863
"53",0,0,0,0,0,0,0,0,0,0,0,0,0,0,0,0,0,0,0,0,0,0,0,0,0,0,0,0,0,0,0,0,0,0,0,0,0,0,0,0,0,0,0,0,0,0,0,0,0,0,0,0,0,0,0,0,0.379,0,0,0,0.758,0,0.758,1.894,0,0,1.894,6.818,1.515,0,3.03,0,30.682,0,1.515,4.167,1.515,0.379,1.515,0,0.379,2.273,0,0,4.924,2.652,5.682,0,3.788,0,0,1.515,1.515,0.379,0.379,0,3.788,0,1.136,0,0,0,5.682,0.758,0,0,3.788,0,3.03,1.515,0,0
"54",0,0,0,0,0,0,0,0,0,0,0,0,0,0,0,0,0,0,0,0,0,0,0,0,0,0,0,0,0,0,0,0,0,0,0,0,0,0,0,0,0,0,0,0,0,0,0,0,0,0,0,0,0,0,0,0,0,0,0,0,0,0,2.725,0.545,1.09,0,2.452,4.087,0,0,2.725,0,0.545,0.272,1.635,2.18,2.452,3.815,0,1.635,0,0,0.545,0,0.817,2.725,0,0,1.635,0,0,8.992,8.719,6.267,4.36,0,5.722,0,2.18,0,8.447,0,1.09,2.725,0,0,4.632,0,5.45,0,0.545,4.087
"55",0,0,0,0,0,0,0,0,0,0,0,0,0,0,0,0,0,0,0,0,0,0,0,0,0,0,0,0,0,0,0,0,0,0,0,0,0,0,0,0,0,0,0,0,0,0,0,0,0,0,0,0,0,0,0,0,0,0,0,1.01,0,1.01,3.03,0,0,0,4.04,6.061,3.03,0,1.01,0,0,0,6.061,3.03,1.01,2.02,0,2.02,0,0,4.04,2.02,8.081,3.03,0,0,1.01,1.01,0,0,2.02,5.051,4.04,0,3.03,0,0,0,1.01,0,2.02,2.02,3.03,0,5.051,0,3.03,0,0,1.01
"56",0,0,0,0,0,0,0,0,0,0,0,0,0,0,0,0,0,0,0,0,0,0,0,0,0,0,0,0,0,0,0,0,0,0,0,0,0,0,0,0,0,0,0,0,0,0,0,0,0,0,0,0,0,0,0,0,0.658,0,2.632,0,3.289,0,0.658,1.316,0.658,0,3.947,7.895,1.316,1.316,0,0,3.289,10.526,17.763,0,0,1.974,0,0,0,0,0,0,0,0,1.316,2.632,0,0,1.316,0.658,0,3.947,2.632,0,1.974,0,3.289,0,0,0,3.289,1.316,3.289,0,5.921,0,5.921,0,3.947,0
"57",0.403909090909091,0.649315789473684,0,0.331785714285714,0,0,0,3.1815,0.1495,0,0.3099,0,0.908,0.120083333333333,0,0,0.579,0,0.964,0.8285,0.604,3.604,5.8575,0,0,1.262,0.421,0.474,0,0,9,0,0,0.3226,0.0503333333333333,0,0.626,1.138,6.093,0.4628,0,0,1.1525,1.427,0,0,0,0,0.558666666666667,0,0,0,0.379,0,0,0.658,0,0,0,0,0,0,0,0,0,0,0,0,0,0,0,0,0,0,0,0,0,0,0,0,0,0,0,0,0,0,0,0,0,0,0,0,0,0,0,0,0,0,0,0,0,0,0,0,0,0,0,0,0,0,0,0
"58",0,0,0,0.00614285714285714,0,0,0,0,0,0,0,0,0,0,0,0,0.0583333333333333,0,0,3.19775,0.159,0,0.302,0,0,0,0,0,0,15.287,0,0,0,0,0,0,0.113,0,0,0,1.111,0,0,0,0,0,0,0,0,0,0,0,0,0,0,0,0,0,0,0,0,0,0,0,0,0,0,0,0,0,0,0,0,0,0,0,0,0,0,0,0,0,0,0,0,0,0,0,0,0,0,0,0,0,0,0,0,0,0,0,0,0,0,0,0,0,0,0,0,0,0,0
"59",0,0,0,0.829714285714286,0,0,0,0,0,0,0.0562,0,0,0,0,0,0.174666666666667,0,0,4.79025,0,0,0.201,0,0,0,0,0,0,3.185,0,0,0.606,0,0,0,0,0,0,0,0,0,0,0,0.556,0,0,0,0,0,0,0,0,0,0,2.632,0,0,0,0,0,0,0,0,0,0,0,0,0,0,0,0,0,0,0,0,0,0,0,0,0,0,0,0,0,0,0,0,0,0,0,0,0,0,0,0,0,0,0,0,0,0,0,0,0,0,0,0,0,0,0,0
"60",0.681272727272727,0.166315789473684,3.5,0.744714285714286,1.064,0,1.381,0,0.584583333333333,0,0.4303,0,1.413,0.720083333333333,1.6092,0,0.625,0,0.55275,1.9445,5.484,2.703,2.1125,0,1.399,0,0,1.779,0,7.643,0,0.607,2.90066666666667,3.2904,1.48766666666667,0,0.288,3.81142857142857,2.19,0.7258,0,0.87,1.2255,0.659,2.778,0,0,3.093,4.71233333333333,0,0,4.748,0,0,1.01,0,0,0,0,0,0,0,0,0,0,0,0,0,0,0,0,0,0,0,0,0,0,0,0,0,0,0,0,0,0,0,0,0,0,0,0,0,0,0,0,0,0,0,0,0,0,0,0,0,0,0,0,0,0,0,0,0
"61",0.0596818181818182,0.106684210526316,0.9,0.238714285714286,0,0,0,0,0.170083333333333,2.857,0.4648,0,0,0.120083333333333,6.0934,0,0,0,0.414,0,0,0,0,0,0,1.262,1.406,1.423,0,0,1.8,0,0,0,0,0.305,0.384,0.107428571428571,0,0.0682,0,0.248,0,0.11,0,0,2.439,0,0.599,1.626,0,0,0.758,0,0,3.289,0,0,0,0,0,0,0,0,0,0,0,0,0,0,0,0,0,0,0,0,0,0,0,0,0,0,0,0,0,0,0,0,0,0,0,0,0,0,0,0,0,0,0,0,0,0,0,0,0,0,0,0,0,0,0,0
"62",1.43590909090909,0.407368421052632,0,0.524928571428571,0,0.813,0,1.213,0.906833333333333,5.714,0.2332,0,0.05,0.41,4.5744,10,1.04766666666667,12.5,0.2745,0.1405,0.159,2.703,4.4075,2.174,1.0045,0,0.741,0,0,1.274,1.8,0,0,0.3226,0,0.305,0.44,0.382571428571429,0,0.6694,1.111,0.062,0.1775,0,0,0,0,0,0.143333333333333,0,0,0,0,0,1.01,0,0,0,0,0,0,0,0,0,0,0,0,0,0,0,0,0,0,0,0,0,0,0,0,0,0,0,0,0,0,0,0,0,0,0,0,0,0,0,0,0,0,0,0,0,0,0,0,0,0,0,0,0,0,0,0,0
"63",1.68409090909091,1.47810526315789,0,1.58728571428571,1.489,1.626,0,0.8195,0.651416666666667,0,1.7603,0,0.757,7.57825,3.2184,0,0.325,37.5,2.744,0.429,2.241,0.901,6.5615,0,3.3915,0.315,1.545,1.661,0,1.911,0,2.245,2.323,1.9778,0.910666666666667,9.0445,4.9,0.730857142857143,1.901,3.3222,1.111,1.553,1.209,4.501,2.778,0,2.439,2.062,1.65,2.439,2.128,0.576,0.758,2.725,3.03,0.658,0,0,0,0,0,0,0,0,0,0,0,0,0,0,0,0,0,0,0,0,0,0,0,0,0,0,0,0,0,0,0,0,0,0,0,0,0,0,0,0,0,0,0,0,0,0,0,0,0,0,0,0,0,0,0,0
"64",0.579727272727273,0.994368421052632,0,3.65585714285714,0.319,4.065,4.696,2.459,2.85041666666667,0,3.2755,0,1.766,0.94675,0,0,0,0,1.24,0.148,0.5085,0,1.9525,2.174,0.7575,1.893,1.7,1.542,0,0.637,1.8,2.002,2.66933333333333,0.7986,1.00033333333333,1.748,1.146,1.81142857142857,4.55733333333333,3.917,5.556,2.547,1.9025,6.476,1.111,0,0,1.031,0,3.252,0,1.295,1.894,0.545,0,1.316,0,0,0,0,0,0,0,0,0,0,0,0,0,0,0,0,0,0,0,0,0,0,0,0,0,0,0,0,0,0,0,0,0,0,0,0,0,0,0,0,0,0,0,0,0,0,0,0,0,0,0,0,0,0,0,0
"65",0,0.329368421052632,0,0,0,0,0,0,0.15,0,0.0061,0,0,0.0450833333333333,0,0,0,0,0,0,0,0,0,2.174,0.7575,0,0,0,0,0.637,0,0.061,0,0.3334,0,0.9145,0.914,2.45057142857143,0,0.1408,0,0,0,0,0.556,0,0,0,0.723333333333333,0,0,0,0,1.09,0,0.658,0,0,0,0,0,0,0,0,0,0,0,0,0,0,0,0,0,0,0,0,0,0,0,0,0,0,0,0,0,0,0,0,0,0,0,0,0,0,0,0,0,0,0,0,0,0,0,0,0,0,0,0,0,0,0,0
"66",0.140227272727273,0,0,0.0533571428571429,0.213,0.813,0,0,0,0,0.0186,0,0,0.563666666666667,0,0,0,0,0,0,0,0,0,0,0,0,0,0.237,0,0,0,0.061,0,0,0,0,0,0,0,0,0,0.062,0,0,0,0,0,0,0,0,0,0,0,0,0,0,0,0,0,0,0,0,0,0,0,0,0,0,0,0,0,0,0,0,0,0,0,0,0,0,0,0,0,0,0,0,0,0,0,0,0,0,0,0,0,0,0,0,0,0,0,0,0,0,0,0,0,0,0,0,0,0
"67",1.65154545454545,4.82110526315789,0,1.02385714285714,0.532,5.691,1.105,4.0985,1.63333333333333,0,0.9714,0,0,3.224,1.6092,10,0.722666666666667,0,3.44125,3.09,2.0825,0,8.3725,0,2.688,6.309,5.307,2.372,0,3.185,6.3,4.733,0,0,2.57366666666667,5.742,6.135,1.66014285714286,1.55033333333333,3.6118,0.556,4.224,1.4025,4.061,0,0,10.976,5.155,0.813,0,11.702,0,1.894,2.452,4.04,3.947,0,0,0,0,0,0,0,0,0,0,0,0,0,0,0,0,0,0,0,0,0,0,0,0,0,0,0,0,0,0,0,0,0,0,0,0,0,0,0,0,0,0,0,0,0,0,0,0,0,0,0,0,0,0,0,0
"68",1.93054545454545,4.97868421052632,1.8,3.45928571428571,0.851,8.13,4.144,2.459,2.89575,2.857,1.5367,0,2.321,4.4925,2.712,0,1.57333333333333,0,2.873,2.4285,5.723,3.604,12.62,6.522,1.12,7.571,6.14,5.813,0,13.376,7.2,4.187,5.01466666666667,0.6666,3.67833333333333,5.5185,6.67,3.55571428571429,0.773666666666667,9.618,3.889,7.516,2.539,0.329,1.667,1.527,1.22,7.216,3.65733333333333,0,13.83,1.871,6.818,4.087,6.061,7.895,0,0,0,0,0,0,0,0,0,0,0,0,0,0,0,0,0,0,0,0,0,0,0,0,0,0,0,0,0,0,0,0,0,0,0,0,0,0,0,0,0,0,0,0,0,0,0,0,0,0,0,0,0,0,0,0
"69",0.0818181818181818,0.532473684210526,0,0.8675,0.213,0,0,0,1.47908333333333,0,0.9952,1.163,0,0.94,10.757,0,0.104,0,3.43075,0.122,3.1315,0.901,3.16,0,2.39,0,0,0,0,0,1.8,0,0,0,0.0503333333333333,0,0.113,0.0244285714285714,0.259333333333333,1.2624,0,0.373,1.4595,0.988,3.889,0,1.22,1.031,0.750666666666667,0,0,0,1.515,0,3.03,1.316,0,0,0,0,0,0,0,0,0,0,0,0,0,0,0,0,0,0,0,0,0,0,0,0,0,0,0,0,0,0,0,0,0,0,0,0,0,0,0,0,0,0,0,0,0,0,0,0,0,0,0,0,0,0,0,0
"70",0.0954545454545454,5.20447368421053,0.9,0.292,0,0,0.829,0,0.943166666666667,0,0.2683,0,0.303,0.0635833333333333,0,0,0,0,0,0.29575,0.3495,0,0,0,0,0.946,0.315,0.593,0,0,0,0.667,0,0,0,0,0,0,0,0.1398,0,0.062,0,0.11,0,0,0,0,0,0,0,0.576,0,0,0,1.316,0,0,0,0,0,0,0,0,0,0,0,0,0,0,0,0,0,0,0,0,0,0,0,0,0,0,0,0,0,0,0,0,0,0,0,0,0,0,0,0,0,0,0,0,0,0,0,0,0,0,0,0,0,0,0,0
"71",6.13627272727273,0.747789473684211,6.1,4.67557142857143,0.319,4.065,0.276,4.4275,2.62516666666667,0,13.6598,5.222,3.128,0.487333333333333,1.356,0,1.432,0,4.693,2.03375,0.175,0.901,1.308,0,4.1355,18.927,15.806,1.068,0,0,2.7,1.638,0,3.6344,4.37966666666667,0.9145,1.941,0.709142857142857,3.291,0.9716,0,1.366,2.862,2.415,2.222,41.985,0,1.031,2.436,8.943,1.064,2.446,3.03,2.725,1.01,0,0,0,0,0,0,0,0,0,0,0,0,0,0,0,0,0,0,0,0,0,0,0,0,0,0,0,0,0,0,0,0,0,0,0,0,0,0,0,0,0,0,0,0,0,0,0,0,0,0,0,0,0,0,0,0,0
"72",0,0.0263157894736842,0,0.1995,1.17,0,0.552,0.7875,0.01825,0,0.0084,0,0,0.22525,0,0,0,0,0,0,0,0,0,0,0,0,0,0,0,0,0,0.061,0,0,0,0,0.35,0,2.11433333333333,0.0682,0,0.124,0,0,0.556,0,0,0,0.517666666666667,0,0,0,0,0,0,0,0,0,0,0,0,0,0,0,0,0,0,0,0,0,0,0,0,0,0,0,0,0,0,0,0,0,0,0,0,0,0,0,0,0,0,0,0,0,0,0,0,0,0,0,0,0,0,0,0,0,0,0,0,0,0,0
"73",1.05013636363636,2.01126315789474,4.4,6.966,7.553,2.439,9.116,3.608,10.1013333333333,0,8.4409,0,10.949,0.950166666666667,9.6542,0,3.71666666666667,0,6.74575,4.0155,5.182,1.802,1.4085,0,1.2835,0.631,0.951,6.643,0,0,1.8,2.791,2.27266666666667,3.856,3.50266666666667,0.61,0.937,4.65,3.68433333333333,1.9844,2.222,10.062,1.58,6.586,3.333,0,1.22,0,2.21433333333333,0.813,1.064,8.489,30.682,0.545,0,3.289,0,0,0,0,0,0,0,0,0,0,0,0,0,0,0,0,0,0,0,0,0,0,0,0,0,0,0,0,0,0,0,0,0,0,0,0,0,0,0,0,0,0,0,0,0,0,0,0,0,0,0,0,0,0,0,0
"74",0,0,0,0.683714285714286,0,4.878,2.762,0.3935,2.06883333333333,5.714,0.1266,0,1.261,0.0900833333333333,13.9754,0,0.489666666666667,0,6.073,1.2275,2.273,1.802,2.314,0,2.5835,3.785,1.262,6.287,0,0,0.9,3.034,3.492,0.6666,1.783,0,0,0.829571428571429,2.22366666666667,3.9028,1.667,4.783,0.516,0.22,4.444,0,0,0,1.15133333333333,0,0,1.007,0,0.272,0,10.526,0,0,0,0,0,0,0,0,0,0,0,0,0,0,0,0,0,0,0,0,0,0,0,0,0,0,0,0,0,0,0,0,0,0,0,0,0,0,0,0,0,0,0,0,0,0,0,0,0,0,0,0,0,0,0,0
"75",0.663136363636364,4.03457894736842,0,3.03857142857143,4.362,0.813,0.276,1.181,4.80858333333333,5.714,1.1261,8.7395,0.454,1.11,1.356,0,0.466333333333333,0,1.78225,3.6415,2.401,2.703,0.4025,0,7.4925,3.155,1.792,0,0,0.637,0,2.549,5.31033333333333,0.4652,0.670333333333333,1.0265,1.576,1.73128571428571,0.995,5.8184,2.222,5.155,4.587,8.452,0,0,0,0,8.09366666666667,1.626,0,0,1.515,1.635,6.061,17.763,0,0,0,0,0,0,0,0,0,0,0,0,0,0,0,0,0,0,0,0,0,0,0,0,0,0,0,0,0,0,0,0,0,0,0,0,0,0,0,0,0,0,0,0,0,0,0,0,0,0,0,0,0,0,0,0
"76",3.82236363636364,5.52631578947368,1.8,1.23764285714286,5.426,2.439,1.934,1.9685,1.58108333333333,0,1.5619,0,0.959,0.3795,1.6092,0,0.349,0,3.5715,0.40325,1.415,2.703,2.2545,4.348,1.104,3.155,3.148,2.372,0,5.732,6.3,0.85,0,0.4652,1.926,11.128,3.771,1.00685714285714,1.488,3.0164,6.667,1.242,1.314,0,3.333,0,0,1.031,0.861333333333333,3.659,5.319,2.59,4.167,2.18,3.03,0,0,0,0,0,0,0,0,0,0,0,0,0,0,0,0,0,0,0,0,0,0,0,0,0,0,0,0,0,0,0,0,0,0,0,0,0,0,0,0,0,0,0,0,0,0,0,0,0,0,0,0,0,0,0,0,0
"77",6.24418181818182,4.61952631578947,0.9,2.73335714285714,2.553,4.065,3.039,4.4595,1.15958333333333,0,5.3875,0,7.013,0.42225,4.5744,0,1.76533333333333,0,4.417,2.34825,2.019,8.108,2.2135,0,1.4665,1.262,1.654,0.712,10.764,0,0.9,7.767,5.967,5.2198,3.38233333333333,0,0.226,4.00342857142857,2.988,3.3462,1.667,1.739,2.6845,1.098,3.889,0.763,0,5.155,1.75133333333333,1.626,1.064,5.18,1.515,2.452,1.01,0,0,0,0,0,0,0,0,0,0,0,0,0,0,0,0,0,0,0,0,0,0,0,0,0,0,0,0,0,0,0,0,0,0,0,0,0,0,0,0,0,0,0,0,0,0,0,0,0,0,0,0,0,0,0,0,0
"78",1.19572727272727,0.519578947368421,0.9,1.55885714285714,0.745,2.439,1.381,1.575,0.90525,0,2.3019,0,2.371,4.53675,0,0,1.822,0,4.6735,2.411,2.305,7.207,0.9055,0,3.064,0.315,1.132,3.677,0,2.548,0.9,2.184,1.638,1.1524,6.05433333333333,0,0.35,1.36457142857143,3.291,1.643,0,1.304,0.266,0,1.667,0,1.22,1.031,2.47833333333333,0,0,1.007,0.379,3.815,2.02,1.974,0,0,0,0,0,0,0,0,0,0,0,0,0,0,0,0,0,0,0,0,0,0,0,0,0,0,0,0,0,0,0,0,0,0,0,0,0,0,0,0,0,0,0,0,0,0,0,0,0,0,0,0,0,0,0,0
"79",0.752,3.54926315789474,0,1.06464285714286,1.383,0.813,0.552,0,1.81391666666667,0,0.5253,0,0,0,0,0,0.662333333333333,0,0,0.43625,0,0.901,0.704,0,1.2195,0,0,0,0,0,0.9,0.789,0.606,0,0.469333333333333,0,0,0.613571428571429,0,0.5618,0,0.621,0.6935,0,2.222,0,0,0,2.17366666666667,0,0,0,1.515,0,0,0,0,0,0,0,0,0,0,0,0,0,0,0,0,0,0,0,0,0,0,0,0,0,0,0,0,0,0,0,0,0,0,0,0,0,0,0,0,0,0,0,0,0,0,0,0,0,0,0,0,0,0,0,0,0,0,0
"80",0.217545454545455,0.0600526315789474,0.9,0.180785714285714,0.426,0.813,1.105,0.3935,0.86,0,0.1568,0,0.303,0.670416666666667,0,0,0,0,0,0.122,0,0.901,0,0,0.1155,0,0,0,0,0,0,0.303,0,0,0.458666666666667,0,0,0.120857142857143,0,0.0222,0,0,0,0,0,0,0,0,0.745,0,0,0,0,1.635,2.02,0,0,0,0,0,0,0,0,0,0,0,0,0,0,0,0,0,0,0,0,0,0,0,0,0,0,0,0,0,0,0,0,0,0,0,0,0,0,0,0,0,0,0,0,0,0,0,0,0,0,0,0,0,0,0,0,0
"81",0.340909090909091,0,0.9,0.166071428571429,1.17,0,1.105,0.7875,0,0,0.0456,0,0.252,0.0750833333333333,0,0,0.0583333333333333,0,0,0.48775,0,0.901,0.6035,0,0.5265,0,0,1.779,0.347,6.369,0,0,0,0.9678,0.14,0,0,0.314571428571429,0,0.208,0,0.248,0.975,0,1.667,0,0,0,0.6,0,0,0.576,0.379,0,0,0,0,0,0,0,0,0,0,0,0,0,0,0,0,0,0,0,0,0,0,0,0,0,0,0,0,0,0,0,0,0,0,0,0,0,0,0,0,0,0,0,0,0,0,0,0,0,0,0,0,0,0,0,0,0,0,0
"82",0.147681818181818,0.061578947368421,2.6,0.0815,0.851,0,0,0,0.085,0,0.0428,0,0,0.015,0,0,0.174666666666667,0,0,0.4105,0.175,1.802,0,0,2.7335,0,0.164,0,0,0,0.9,0,0,0,0.290333333333333,0,0.056,0.043,0.648666666666667,0,0,0,0,0,0,0,0,0,0.379666666666667,0,0,0,2.273,0,0,0,0,0,0,0,0,0,0,0,0,0,0,0,0,0,0,0,0,0,0,0,0,0,0,0,0,0,0,0,0,0,0,0,0,0,0,0,0,0,0,0,0,0,0,0,0,0,0,0,0,0,0,0,0,0,0,0
"83",1.79022727272727,3.31857894736842,3.5,2.44364285714286,1.489,0,0,3.64,8.18658333333333,0,3.138,4.6535,0.605,0.111083333333333,7.4494,0,0.864,0,0.82875,0.148,0,1.802,0.201,0,0.231,7.571,7.415,17.319,0,6.369,0,0.789,0.555666666666667,0.6666,3.313,3.0795,5.107,6.33271428571429,3.19233333333333,2.9224,11.111,0.683,1.6525,4.391,2.222,0,0,1.031,1.822,0,3.191,0.432,0,0.545,4.04,0,0,0,0,0,0,0,0,0,0,0,0,0,0,0,0,0,0,0,0,0,0,0,0,0,0,0,0,0,0,0,0,0,0,0,0,0,0,0,0,0,0,0,0,0,0,0,0,0,0,0,0,0,0,0,0,0
"84",0.665318181818182,0.0263157894736842,0,0.218785714285714,0,0.813,0,3.1495,1.50991666666667,0,0.2407,0,0.959,0,0,0,0.174666666666667,0,0,0.244,0.175,0,0,0,1.6485,0,0,0.119,0,0,0,0.364,0.476333333333333,0.3226,0.0503333333333333,0,0,0.00285714285714286,0,0.1778,0,0,0,0,0.556,0,0,1.031,0.303666666666667,0,0,0,0,0,2.02,0,0,0,0,0,0,0,0,0,0,0,0,0,0,0,0,0,0,0,0,0,0,0,0,0,0,0,0,0,0,0,0,0,0,0,0,0,0,0,0,0,0,0,0,0,0,0,0,0,0,0,0,0,0,0,0,0
"85",2.30390909090909,0.985,1.8,1.11585714285714,5.426,0,0.276,2.756,1.05458333333333,2.857,4.371,16.2605,7.114,0.42725,0,0,0.349,0,3.453,4.86975,4.816,2.703,1.6095,6.522,1.845,0.315,0.105,0.119,0,0,0,4.551,9.06233333333333,3.2108,2.226,7.3275,5.064,1.84557142857143,4.11366666666667,3.3902,0.556,5.714,3.337,1.207,5,0,1.22,4.124,2.52466666666667,3.659,2.128,0,4.924,0.817,8.081,0,0,0,0,0,0,0,0,0,0,0,0,0,0,0,0,0,0,0,0,0,0,0,0,0,0,0,0,0,0,0,0,0,0,0,0,0,0,0,0,0,0,0,0,0,0,0,0,0,0,0,0,0,0,0,0,0
"86",2.61868181818182,1.94826315789474,15.8,5.22135714285714,8.723,0,4.696,3.2145,1.1275,0,8.394,31.4125,9.788,4.61725,1.2658,0,4.318,0,6.906,4.45875,8.6785,5.405,3.521,2.174,2.8005,2.524,2.445,4.389,0.694,0,0.9,2.731,3.40566666666667,3.0888,5.90466666666667,3.608,5.354,11.6477142857143,5.886,1.2604,3.333,6.398,11.9775,6.367,2.222,0,3.659,4.124,4.38133333333333,2.846,4.255,4.892,2.652,2.725,3.03,0,0,0,0,0,0,0,0,0,0,0,0,0,0,0,0,0,0,0,0,0,0,0,0,0,0,0,0,0,0,0,0,0,0,0,0,0,0,0,0,0,0,0,0,0,0,0,0,0,0,0,0,0,0,0,0,0
"87",0.362818181818182,0.802578947368421,0,0.397857142857143,0.532,0,0,2.756,0,0,0.3831,0,0.05,0.28525,0,0,0,0,0,1.07625,0.175,0.901,4.024,0,1.12,0,0,0,0,0,0,0.061,0,0,0.451666666666667,0.4165,0,0.0472857142857143,0.129666666666667,0.0222,0,0.124,0,0,0,0,0,0,2.76666666666667,0,0,0.432,5.682,0,0,1.316,0,0,0,0,0,0,0,0,0,0,0,0,0,0,0,0,0,0,0,0,0,0,0,0,0,0,0,0,0,0,0,0,0,0,0,0,0,0,0,0,0,0,0,0,0,0,0,0,0,0,0,0,0,0,0,0
"88",0,0,0,0.0817857142857143,0,0,0,0,0.182333333333333,0,0.0061,0,0,0.0600833333333333,0,0,0,0,0,0,0.0795,0,0,0,0.478,0,0,0,0,1.911,1.8,0,0,0.2222,0.150666666666667,0,0,0,0,0.3412,0,3.106,0.266,0,0,0,0,0,0,0,0,0,0,0,0,2.632,0,0,0,0,0,0,0,0,0,0,0,0,0,0,0,0,0,0,0,0,0,0,0,0,0,0,0,0,0,0,0,0,0,0,0,0,0,0,0,0,0,0,0,0,0,0,0,0,0,0,0,0,0,0,0,0
"89",4.25504545454545,1.57010526315789,0.9,1.52421428571429,3.511,0,2.762,1.575,2.73266666666667,0,2.7592,0,3.481,3.05666666666667,5.8402,0,0.162333333333333,0,1.23575,1.5935,2.6865,1.802,2.4145,0,0.3785,0.946,0.315,1.186,1.389,0,0,2.731,2.19333333333333,0.2222,5.86833333333333,8.689,3.295,0.955,2.988,0.8718,3.333,1.553,0.532,1.756,0,0,0,0,0,0,3.191,1.583,3.788,1.635,1.01,0,0,0,0,0,0,0,0,0,0,0,0,0,0,0,0,0,0,0,0,0,0,0,0,0,0,0,0,0,0,0,0,0,0,0,0,0,0,0,0,0,0,0,0,0,0,0,0,0,0,0,0,0,0,0,0,0
"90",0,0,0,0.00871428571428571,0,0,0,0,0,0,0,0,0,0.445333333333333,0,0,0,0,0,0,0,0,0,0,0,0,0,0,0,0,0,0,0,0,0,0,0,0,2.46433333333333,0.1398,0,0,0,0,0,0,0,0,0,0,0,0,0,0,1.01,0,0,0,0,0,0,0,0,0,0,0,0,0,0,0,0,0,0,0,0,0,0,0,0,0,0,0,0,0,0,0,0,0,0,0,0,0,0,0,0,0,0,0,0,0,0,0,0,0,0,0,0,0,0,0,0,0
"91",0.0358636363636364,0.141894736842105,0,0.999428571428571,1.596,0,2.486,0,0,0,0.7897,0,0.555,1.22225,0,0,1.292,0,0,0,0,0,0,0,0.924,0,0,0.119,0,0,0,0.182,0,1.111,0,0,0,0,0.128333333333333,0.302,0,1.056,0.532,0,0,0,0,0,0,0,0,2.878,0,0,0,1.316,0,0,0,0,0,0,0,0,0,0,0,0,0,0,0,0,0,0,0,0,0,0,0,0,0,0,0,0,0,0,0,0,0,0,0,0,0,0,0,0,0,0,0,0,0,0,0,0,0,0,0,0,0,0,0,0
"92",11.0789545454545,3.34331578947368,6.1,4.13307142857143,4.894,13.821,3.039,3.2145,0.797,14.286,2.7871,1.163,6.458,20.36575,4.068,0,3.87133333333333,0,1.7955,2.17075,6.215,0.901,2.2135,0,0.924,8.202,7.874,5.219,9.028,0,6.3,2.124,1.111,9.7306,5.167,1.0265,1.044,4.001,1.35633333333333,1.4218,2.778,3.789,3.6755,8.452,0,4.58,43.902,7.216,0.143333333333333,3.659,2.128,4.604,1.515,8.992,0,0.658,0,0,0,0,0,0,0,0,0,0,0,0,0,0,0,0,0,0,0,0,0,0,0,0,0,0,0,0,0,0,0,0,0,0,0,0,0,0,0,0,0,0,0,0,0,0,0,0,0,0,0,0,0,0,0,0
"93",1.21286363636364,0.766578947368421,3.5,3.89728571428571,1.064,1.626,1.105,2.0005,0.082,2.857,1.9172,14.5295,4.087,0.363333333333333,0,0,2.445,0,3.9875,2.6695,5.42,1.802,2.556,0,6.394,2.524,4.293,2.491,0,0,8.1,1.699,5.44733333333333,3.5916,3.784,0.4165,1.258,4.78042857142857,1.846,2.5736,2.778,2.919,3.5555,11.855,2.778,0,6.098,5.155,2.064,1.626,2.128,3.453,1.515,8.719,2.02,0,0,0,0,0,0,0,0,0,0,0,0,0,0,0,0,0,0,0,0,0,0,0,0,0,0,0,0,0,0,0,0,0,0,0,0,0,0,0,0,0,0,0,0,0,0,0,0,0,0,0,0,0,0,0,0,0
"94",4.90172727272727,5.44242105263158,2.6,3.00057142857143,7.553,4.878,11.878,6.4605,1.56041666666667,11.429,2.5772,0,4.945,4.27191666666667,4.8274,40,17.0016666666667,0,3.1755,3.657,0.604,0.901,3.5625,2.174,3.9015,3.785,4.962,1.186,2.778,0.637,2.7,11.226,4.358,2.9188,1.73566666666667,0.7215,0.784,0.764142857142857,1.33766666666667,3.4284,0,3.354,4.176,0.988,7.222,0,1.22,2.062,3.711,2.033,0,6.043,0.379,6.267,5.051,3.947,0,0,0,0,0,0,0,0,0,0,0,0,0,0,0,0,0,0,0,0,0,0,0,0,0,0,0,0,0,0,0,0,0,0,0,0,0,0,0,0,0,0,0,0,0,0,0,0,0,0,0,0,0,0,0,0
"95",10.326,12.3798421052632,7,6.72635714285714,11.064,3.252,5.249,5.215,2.58841666666667,5.714,7.4144,11.039,9.082,8.95425,1.2658,0,8.74733333333333,0,7.73475,11.81375,12.1445,6.306,1.6095,2.174,8.432,3.785,2.617,4.864,17.014,0,3.6,8.01,9.964,10.6724,5.06033333333333,11.4435,4.804,7.599,9.734,7.54,6.667,5.404,6.224,9.55,6.111,0.763,4.878,5.155,12.938,4.472,2.128,15.54,0.379,4.36,4.04,2.632,0,0,0,0,0,0,0,0,0,0,0,0,0,0,0,0,0,0,0,0,0,0,0,0,0,0,0,0,0,0,0,0,0,0,0,0,0,0,0,0,0,0,0,0,0,0,0,0,0,0,0,0,0,0,0,0
"96",0.463181818181818,0.569421052631579,0,0.480928571428571,2.34,0,0.829,0.8195,0.255083333333333,0,0.3405,0,2.22,0.150166666666667,0,0,2.61666666666667,0,0.138,0,0,0,0,0,0,0,0,2.372,0,0,0,0.91,0,0,0.0896666666666667,1.25,0,0,0,0,0,0.124,0,0,1.667,0,0,0,0.076,0,0,1.583,0,0,0,0,0,0,0,0,0,0,0,0,0,0,0,0,0,0,0,0,0,0,0,0,0,0,0,0,0,0,0,0,0,0,0,0,0,0,0,0,0,0,0,0,0,0,0,0,0,0,0,0,0,0,0,0,0,0,0,0
"97",5.66695454545455,2.33184210526316,3.5,3.28221428571429,2.128,2.439,6.906,6.4605,4.49208333333333,0,3.3385,0,5.096,1.105,8.8054,0,8.405,0,4.6915,3.19825,7.328,1.802,1.6095,4.348,3.6545,2.208,2.256,1.779,7.986,0,4.5,6.432,8.56433333333333,10.7628,4.49,0.4165,2.037,5.48585714285714,2.532,3.0926,3.889,3.168,7.1105,4.72,2.222,0,2.439,4.124,2.621,3.252,3.191,8.921,3.788,5.722,3.03,1.974,0,0,0,0,0,0,0,0,0,0,0,0,0,0,0,0,0,0,0,0,0,0,0,0,0,0,0,0,0,0,0,0,0,0,0,0,0,0,0,0,0,0,0,0,0,0,0,0,0,0,0,0,0,0,0,0
"98",0,0.178526315789474,0,0,0.638,0,0,0,0.0825,0,0.0062,0,0.252,0.015,0,0,1.25,0,0,0,0,0,0,0,0,0,0,0,0,0,0,0.364,0,0,0,0,0,0,0,0,0,0,0,0,0,0,0,0,0,0,0,0,0,0,0,0,0,0,0,0,0,0,0,0,0,0,0,0,0,0,0,0,0,0,0,0,0,0,0,0,0,0,0,0,0,0,0,0,0,0,0,0,0,0,0,0,0,0,0,0,0,0,0,0,0,0,0,0,0,0,0,0
"99",0.576045454545455,0.816842105263158,0,0.772142857142857,1.064,3.252,4.972,1.181,0.773,0,0.0031,0,0.757,0.267333333333333,0,0,9.39333333333333,0,0.68575,8.976,5.023,1.802,8.9165,0,0.3465,0.315,0.476,0,2.431,8.28,1.8,2.913,6.89766666666667,10.6142,2.36533333333333,0,2.761,6.79085714285714,0.664333333333333,4.9506,0.556,1.677,1.3865,0.988,0.556,1.527,0,2.062,6.13466666666667,0,0,0,1.136,2.18,0,3.289,0,0,0,0,0,0,0,0,0,0,0,0,0,0,0,0,0,0,0,0,0,0,0,0,0,0,0,0,0,0,0,0,0,0,0,0,0,0,0,0,0,0,0,0,0,0,0,0,0,0,0,0,0,0,0,0
"100",0.107636363636364,0,0,0.0992142857142857,0,0,0.276,0,0,0,0.0139,0,0,0.27025,0,30,2.27666666666667,0,0,0,0,0,0,4.348,0,0.631,0.539,0,0,0,0,0.182,0,0,0,0.305,2.017,0.0125714285714286,0,2.098,0,0,0.6205,0,0,0,0,0,0,0,0,0,0,0,0,0,0,0,0,0,0,0,0,0,0,0,0,0,0,0,0,0,0,0,0,0,0,0,0,0,0,0,0,0,0,0,0,0,0,0,0,0,0,0,0,0,0,0,0,0,0,0,0,0,0,0,0,0,0,0,0,0
"101",2.25940909090909,1.58021052631579,7,2.799,0.106,1.626,0,1.607,0.1315,5.714,0.9128,0,0.05,12.3710833333333,0,0,0.349666666666667,50,0.2745,1.912,0.2385,2.703,2.053,4.348,0.231,0.946,2.041,1.423,5.556,0,1.8,0,1.76766666666667,1.423,0.698333333333333,0,1.864,0.44,2.372,2.1424,0,1.615,1.4595,0,2.222,0,1.22,1.031,1.25433333333333,0,0,0.576,0,8.447,1.01,0,0,0,0,0,0,0,0,0,0,0,0,0,0,0,0,0,0,0,0,0,0,0,0,0,0,0,0,0,0,0,0,0,0,0,0,0,0,0,0,0,0,0,0,0,0,0,0,0,0,0,0,0,0,0,0,0
"102",0,0.0877368421052632,0,0.057,0,0,0.276,0,1.44933333333333,0,0.0271,0,0,0.12725,0,0,2.136,0,0,0,0,0,0,0,0,0.631,0.21,0.237,0,0,0,0.546,0,0,0.248666666666667,0,0,0.075,0,0.4226,0,0.124,0,0.988,0.556,0,0,1.031,0,0,1.064,0,0,0,0,0,0,0,0,0,0,0,0,0,0,0,0,0,0,0,0,0,0,0,0,0,0,0,0,0,0,0,0,0,0,0,0,0,0,0,0,0,0,0,0,0,0,0,0,0,0,0,0,0,0,0,0,0,0,0,0,0
"103",1.91159090909091,0.966526315789474,0,3.56171428571429,3.511,0.813,6.354,2.8525,0.831166666666667,0,3.0451,0,3.481,2.51258333333333,0,0,7.12766666666667,0,3.591,1.705,2.4165,0.901,2.314,0,4.2135,0.946,0.48,9.846,2.431,3.822,4.5,2.427,2.51066666666667,3.7242,3.443,0.305,0.152,1.84942857142857,3.38766666666667,2.0306,1.667,5.031,2.539,0,2.778,0,0,1.031,3.37433333333333,4.878,0,13.237,5.682,1.09,2.02,3.289,0,0,0,0,0,0,0,0,0,0,0,0,0,0,0,0,0,0,0,0,0,0,0,0,0,0,0,0,0,0,0,0,0,0,0,0,0,0,0,0,0,0,0,0,0,0,0,0,0,0,0,0,0,0,0,0
"104",0.712090909090909,3.90494736842105,0,2.40264285714286,1.064,0.813,2.21,0.8195,0,14.286,1.2582,1.163,1.463,4.17325,0.2532,0,1.15266666666667,0,1.09925,1.75225,2.591,0,0,8.696,1.7295,0.631,1.65,0,3.125,1.274,0.9,4.369,3.70133333333333,1.951,1.20733333333333,0.9145,1.558,0.234285714285714,0.259333333333333,0.7312,0,2.981,1.241,1.098,0,0.763,1.22,1.031,3.02233333333333,0,0,1.007,0.758,2.725,2.02,1.316,0,0,0,0,0,0,0,0,0,0,0,0,0,0,0,0,0,0,0,0,0,0,0,0,0,0,0,0,0,0,0,0,0,0,0,0,0,0,0,0,0,0,0,0,0,0,0,0,0,0,0,0,0,0,0,0
"105",0.869227272727273,0.235368421052632,0,2.04085714285714,0.532,0,1.934,0,0.509166666666667,0,1.7919,0,0.454,0.801583333333333,0,10,0.490333333333333,0,0.2745,0,0,0,0.302,0,0.889,0,5.751,0,0,0,0,0.243,0,0.3226,0.480666666666667,0.9145,10.991,0.237142857142857,0.28,2.9794,1.111,1.242,11.2225,0.22,0,0.763,0,0,1.07633333333333,28.455,10.638,0,0,0,3.03,3.289,0,0,0,0,0,0,0,0,0,0,0,0,0,0,0,0,0,0,0,0,0,0,0,0,0,0,0,0,0,0,0,0,0,0,0,0,0,0,0,0,0,0,0,0,0,0,0,0,0,0,0,0,0,0,0,0
"106",0,0.0424210526315789,0,0.471642857142857,0.957,0,0.829,0,0.0825,0,0.3353,0,0,0.03,0,0,0.416666666666667,0,0,0,0,0,0,0,0.924,0,0,0,0,0,0,0,0,0,0,0,0,0,0,0,0,0,0,0,0,0,0,0,0,0,0,0,0,0,0,0,0,0,0,0,0,0,0,0,0,0,0,0,0,0,0,0,0,0,0,0,0,0,0,0,0,0,0,0,0,0,0,0,0,0,0,0,0,0,0,0,0,0,0,0,0,0,0,0,0,0,0,0,0,0,0,0
"107",0.6455,1.95547368421053,1.8,1.55292857142857,6.383,0,5.525,0,2.17725,8.571,1.4891,0,0.706,0.817666666666667,0.2532,0,1.83566666666667,0,0,1.16825,0.159,1.802,0.503,2.174,2.5535,2.208,0.736,0.237,0,0.637,3.6,5.34,1.58733333333333,1.2008,2.723,1.748,1.681,2.48314285714286,0.778333333333333,2.0682,0,2.422,1.298,0.22,2.222,0,0,1.031,2.145,0.407,0,0.719,3.788,4.632,5.051,5.921,0,0,0,0,0,0,0,0,0,0,0,0,0,0,0,0,0,0,0,0,0,0,0,0,0,0,0,0,0,0,0,0,0,0,0,0,0,0,0,0,0,0,0,0,0,0,0,0,0,0,0,0,0,0,0,0
"108",0.0768636363636364,0.723210526315789,0,0,0.319,0,0,0,0.148666666666667,0,0.0156,0,0,0,0,0,0,0,0,0,0,0,0,0,0,0,0,0,0,0,0,0.061,0,0,0,0,0,0,0,0,0,0,0,0,0,0,0,0,0.152,0,0,0,0,0,0,0,0,0,0,0,0,0,0,0,0,0,0,0,0,0,0,0,0,0,0,0,0,0,0,0,0,0,0,0,0,0,0,0,0,0,0,0,0,0,0,0,0,0,0,0,0,0,0,0,0,0,0,0,0,0,0,0
"109",8.41204545454545,4.11536842105263,19.3,1.05035714285714,1.915,7.317,3.315,3.1815,1.63258333333333,0,3.0081,0,2.472,0.799583333333333,0,0,2.23666666666667,0,3.31,1.68625,2.5435,5.405,2.4145,0,3.6925,4.732,3.425,2.372,6.944,12.739,5.4,1.214,2.06333333333333,5.7234,4.94233333333333,3.3535,3.696,5.43885714285714,2.542,2.2286,7.222,1.491,2.4665,0,6.111,0,3.659,4.124,3.66466666666667,8.943,0,0.719,3.03,5.45,3.03,5.921,0,0,0,0,0,0,0,0,0,0,0,0,0,0,0,0,0,0,0,0,0,0,0,0,0,0,0,0,0,0,0,0,0,0,0,0,0,0,0,0,0,0,0,0,0,0,0,0,0,0,0,0,0,0,0,0
"110",0.113818181818182,3.84068421052632,0,2.02971428571429,0,0,0.552,0.3935,0.684833333333333,0,0.65,0,0.303,0.015,0,0,0.511666666666667,0,0.683,1.11675,0.159,0.901,0.503,2.174,0,0.631,0.539,0.356,0,0,1.8,2.67,0,0.8674,0.100333333333333,0,0.451,0.075,1.09866666666667,0,1.667,0.248,0,0,0,0,0,1.031,2.10933333333333,0,0,0.144,1.515,0,0,0,0,0,0,0,0,0,0,0,0,0,0,0,0,0,0,0,0,0,0,0,0,0,0,0,0,0,0,0,0,0,0,0,0,0,0,0,0,0,0,0,0,0,0,0,0,0,0,0,0,0,0,0,0,0,0,0
"111",0.299909090909091,0.550894736842105,0.9,2.76128571428571,0,0,0,3.608,0.340166666666667,2.857,1.2172,0,0,1.57083333333333,0.2532,0,0.502,0,0.138,2.99575,1.8125,2.703,0.1005,0,0.741,0,0,0,0,0,3.6,0.303,0,0,0.499666666666667,0,0,0.483714285714286,0.258,1.336,0,0.062,5.128,1.756,0,0,2.439,0,0.329666666666667,9.756,0,0,0,0.545,0,3.947,0,0,0,0,0,0,0,0,0,0,0,0,0,0,0,0,0,0,0,0,0,0,0,0,0,0,0,0,0,0,0,0,0,0,0,0,0,0,0,0,0,0,0,0,0,0,0,0,0,0,0,0,0,0,0,0
"112",2.57277272727273,3.50478947368421,0.9,5.67378571428571,2.447,0.813,0.276,3.2145,1.24725,8.571,2.5756,4.6535,1.413,1.01116666666667,0.5064,0,2.43566666666667,0,1.3725,1.11675,0.3495,4.505,1.1065,10.87,3.972,0.946,2.206,1.068,19.792,0,3.6,0.243,3.53533333333333,2.4052,4.50933333333333,0.305,4.796,1.90814285714286,1.46433333333333,0.6246,0,0.683,0.9595,5.708,0.556,3.817,3.659,4.124,1.13233333333333,0.813,4.255,0.863,0,4.087,1.01,0,0,0,0,0,0,0,0,0,0,0,0,0,0,0,0,0,0,0,0,0,0,0,0,0,0,0,0,0,0,0,0,0,0,0,0,0,0,0,0,0,0,0,0,0,0,0,0,0,0,0,0,0,0,0,0,0
